{
  "type": "minecraft:generic",
  "pools": [
    {
      "rolls": 1,
      "entries": [
        {
          "type": "minecraft:item",
          "name": "minecraft:music_disc_otherside",
          "functions": [
            {
              "function": "minecraft:set_name",
              "entity": "this",
              "name": {
                "translate": "Forgotten Music Disc",
                "color": "#FF55FF",
                "italic": false
              }
            },
            {
              "function": "minecraft:set_lore",
              "entity": "this",
              "lore": [
                {
                  "translate": "Ruddymuddyclod - Woodland Fountain",
                  "color": "#AAAAAA",
                  "italic": false
                }
              ]
            },
            {
              "function": "minecraft:set_nbt",
              "tag": "{dnl: {name: 'music_disc_woodland_fountain', item: 1, id: 9004, music: 1}}"
            },
            {
              "function": "minecraft:set_nbt",
              "tag": "{HideFlags:32}"
            }
          ]
        }
      ]
    }
  ]
}
