{
    "type": "minecraft:chest",
    "pools": [
        {
            "rolls": 1,
            "entries": [
                {
                    "type": "minecraft:loot_table",
                    "weight": 1,
                    "name": "dnl:maps/hivenest_boss"
                },
                {
                    "type": "minecraft:loot_table",
                    "weight": 1,
                    "name": "dnl:maps/crawlers_lair"
                }
            ]
        },
        {
            "rolls": {
                "min": 2,
                "max": 3
            },
            "entries": [
                {
                    "type": "minecraft:loot_table",
                    "weight": 2,
                    "name": "dnl:item/honey_potion"
                },
                {
                    "type": "minecraft:loot_table",
                    "weight": 1,
                    "name": "dnl:item/royal_honey_potion"
                }
            ]
        },
        {
            "rolls": 1,
            "entries": [
                {
                    "type": "minecraft:loot_table",
                    "name": "dnl:item/honeycomb_ingot",
                    "functions": [
                        {
                            "function": "minecraft:set_count",
                            "count": {
                                "min": 2,
                                "max": 5
                            }
                        }
                    ]
                }
            ]
        },
        {
            "rolls": 1,
            "entries": [
                {
                    "type": "minecraft:loot_table",
                    "name": "dnl:structures/hivenest/chests/hive"
                }
            ]
        }
    ]
}