{
    "pools": [
        {
            "rolls": 1,
            "entries": [
                {
                    "type": "minecraft:item",
                    "name": "minecraft:map",
                    "functions": [
                        {
                            "function": "minecraft:exploration_map",
                            "destination": "dnl:deep_oasis",
                            "decoration": "red_x",
                            "zoom": 1,
                            "skip_existing_chunks": false
                        },
                        {
                            "function": "minecraft:set_nbt",
                            "tag": "{display:{Name:'{\"translate\":\"Dungeon Map\",\"color\":\"#008709\",\"italic\":false}',Lore:['{\"translate\":\"Deep Oasis\",\"color\":\"gray\",\"italic\":false}'],MapColor:4554807},HideFlags:32,CustomModelData:4040004,dnl.map:1b,dnl.deep_oasis:1b}"
                        }
                    ]
                }
            ]
        }
    ]
}