{
  "pools": [
    {
      "rolls": 1,
      "entries": [
        {
          "type": "minecraft:item",
          "name": "minecraft:iron_boots",
          "functions": [
            {
              "function": "minecraft:set_name",
              "entity": "this",
              "name": {
                "translate": "Golem Heart Boots",
                "color": "#FFAA00",
                "italic": false
              }
            },
            {
              "function": "minecraft:set_lore",
              "entity": "this",
              "lore": [
                {
                  "translate": "Required Piece",
                  "color": "#AAAAAA",
                  "italic": false
                },
                {
                  "translate": "Golem Heart Leggings",
                  "color": "#555555",
                  "italic": false
                },
                {
                  "translate": "Reforging Body",
                  "color": "#AAAAAA",
                  "italic": false
                },
                {
                  "translate": "Gains Regeneration II for 10s when attacked.",
                  "color": "#555555",
                  "italic": false
                },
                {
                  "translate": "[Consumes 1 Iron Ingot]",
                  "color": "#555555",
                  "italic": false
                }
              ]
            },
            {
              "function": "minecraft:set_nbt",
              "tag": "{CustomModelData: 4043002, dnl: {name: 'golem_heart_armor', item: 1, id: 3002}}"
            },
            {
              "function": "minecraft:set_nbt",
              "tag": "{dnl:{tier: 1,armor: 4}}"
            }
          ]
        }
      ]
    }
  ]
}
