{
  "type": "minecraft:generic",
  "pools": [
    {
      "rolls": 1,
      "entries": [
        {
          "type": "minecraft:item",
          "name": "minecraft:music_disc_wait",
          "functions": [
            {
              "function": "minecraft:set_name",
              "entity": "this",
              "name": {
                "translate": "Jack and Lantern Music Disc",
                "color": "#FF55FF",
                "italic": false
              }
            },
            {
              "function": "minecraft:set_lore",
              "entity": "this",
              "lore": [
                {
                  "translate": "Play this disc to summon Jack and Lantern!",
                  "color": "#555555",
                  "italic": false
                }
              ]
            },
            {
              "function": "minecraft:set_nbt",
              "tag": "{dnl: {name: 'jack_and_lantern', item: 1, id: 9006, music: 1}}"
            }
          ]
        }
      ]
    }
  ]
}
