{
  "pools": [
    {
      "rolls": 1,
      "entries": [
        {
          "type": "minecraft:item",
          "name": "minecraft:zombie_villager_spawn_egg",
          "functions": [
            {
              "function": "minecraft:set_name",
              "entity": "this",
              "name": {
                "translate": "Gallery Of Illusion Zombie Villager Miner Chief Spawn Egg",
                "color": "#FF55FF",
                "italic": false
              }
            },
            {
              "function": "minecraft:set_nbt",
              "tag": "{EntityTag:{id:\"minecraft:marker\",Tags:[\"dnl.marker\",\"dnl.summon\",\"dnl.gallery_of_illusion_zombie_villager_miner_chief\"]}}"
            }
          ]
        }
      ]
    }
  ]
}
